{"cameraMode":{"drawMode":0,"name":"Shaded","section":"Shading Mode"},"sceneLighting":false,"audioPlay":false,"sceneViewState":{"showFog":false,"showMaterialUpdate":false,"showSkybox":false,"showFlares":false,"showImageEffects":false,"showParticleSystems":false},"in2DMode":false,"pivot":{"x":947.3388061523438,"y":692.450927734375,"z":-1758.9705810546875},"rotation":{"x":0.23692694306373597,"y":0.32051560282707217,"z":-0.08314524590969086,"w":0.913357675075531},"size":2.206472635269165,"orthographic":false}