{"cameraMode":{"drawMode":0,"name":"Shaded","section":"Shading Mode"},"sceneLighting":false,"audioPlay":false,"sceneViewState":{"showFog":false,"showMaterialUpdate":false,"showSkybox":false,"showFlares":false,"showImageEffects":false,"showParticleSystems":false},"in2DMode":false,"pivot":{"x":0.007607877254486084,"y":0.4401337504386902,"z":-0.4089982509613037},"rotation":{"x":-0.04450374096632004,"y":-0.1856258362531662,"z":0.008419821038842202,"w":-0.9815760850906372},"size":4.276976585388184,"orthographic":false}