{"cameraMode":{"drawMode":0,"name":"Shaded","section":"Shading Mode"},"sceneLighting":true,"audioPlay":false,"sceneViewState":{"showFog":false,"showMaterialUpdate":false,"showSkybox":false,"showFlares":false,"showImageEffects":false,"showParticleSystems":false},"in2DMode":false,"pivot":{"x":-329.9471740722656,"y":327.8878479003906,"z":-1058.738037109375},"rotation":{"x":0.13045796751976014,"y":0.2887907028198242,"z":-0.03975936025381088,"w":0.9476285576820374},"size":12.292526245117188,"orthographic":false}