{"cameraMode":{"drawMode":0,"name":"Shaded","section":"Shading Mode"},"sceneLighting":true,"audioPlay":false,"sceneViewState":{"showFog":false,"showMaterialUpdate":false,"showSkybox":false,"showFlares":false,"showImageEffects":false,"showParticleSystems":false},"in2DMode":false,"pivot":{"x":0.0,"y":1.0416488647460938,"z":31.977901458740236},"rotation":{"x":0.17595137655735017,"y":0.3990592360496521,"z":-0.07832615077495575,"w":0.8964697122573853},"size":200.60887145996095,"orthographic":false}