{"cameraMode":{"drawMode":0,"name":"Shaded","section":"Shading Mode"},"sceneLighting":false,"audioPlay":false,"sceneViewState":{"showFog":false,"showMaterialUpdate":false,"showSkybox":false,"showFlares":false,"showImageEffects":false,"showParticleSystems":false},"in2DMode":false,"pivot":{"x":0.007607877254486084,"y":0.4401337504386902,"z":-0.4089982509613037},"rotation":{"x":-0.09538687765598297,"y":-0.3554562032222748,"z":0.03649570420384407,"w":-0.9290964603424072},"size":2.413917303085327,"orthographic":false}