{"cameraMode":{"drawMode":0,"name":"Shaded","section":"Shading Mode"},"sceneLighting":false,"audioPlay":false,"sceneViewState":{"showFog":false,"showMaterialUpdate":false,"showSkybox":false,"showFlares":false,"showImageEffects":false,"showParticleSystems":false},"in2DMode":false,"pivot":{"x":0.0,"y":0.31977903842926028,"z":-0.01041652262210846},"rotation":{"x":-0.10745961219072342,"y":-0.3935023248195648,"z":0.04637617617845535,"w":-0.9118430614471436},"size":2.006088972091675,"orthographic":false}