{"cameraMode":{"drawMode":0,"name":"Shaded","section":"Shading Mode"},"sceneLighting":false,"audioPlay":false,"sceneViewState":{"showFog":false,"showMaterialUpdate":false,"showSkybox":false,"showFlares":false,"showImageEffects":false,"showParticleSystems":false},"in2DMode":false,"pivot":{"x":-1516.0838623046875,"y":420.9173889160156,"z":-2237.107421875},"rotation":{"x":-0.11826600879430771,"y":-0.3096718490123749,"z":0.03885456919670105,"w":-0.9426594972610474},"size":2.4140050411224367,"orthographic":false}