{"cameraMode":{"drawMode":0,"name":"Shaded","section":"Shading Mode"},"sceneLighting":true,"audioPlay":false,"sceneViewState":{"showFog":false,"showMaterialUpdate":false,"showSkybox":false,"showFlares":false,"showImageEffects":false,"showParticleSystems":false},"in2DMode":false,"pivot":{"x":457.2833251953125,"y":560.926025390625,"z":112.3992919921875},"rotation":{"x":0.19660674035549165,"y":0.2670495808124542,"z":-0.05575244501233101,"w":0.9417653679847717},"size":1999.450927734375,"orthographic":false}